--
-- PostgreSQL database dump
--

-- Dumped from database version 17.0 (Debian 17.0-1.pgdg120+1)
-- Dumped by pg_dump version 17.0 (Debian 17.0-1.pgdg120+1)

SET statement_timeout = 0;
SET lock_timeout = 0;
SET idle_in_transaction_session_timeout = 0;
SET transaction_timeout = 0;
SET client_encoding = 'UTF8';
SET standard_conforming_strings = on;
SELECT pg_catalog.set_config('search_path', '', false);
SET check_function_bodies = false;
SET xmloption = content;
SET client_min_messages = warning;
SET row_security = off;

SET default_tablespace = '';

SET default_table_access_method = heap;

--
-- Name: alembic_version; Type: TABLE; Schema: public; Owner: postgres
--

CREATE TABLE public.alembic_version (
    version_num character varying(32) NOT NULL
);


ALTER TABLE public.alembic_version OWNER TO postgres;

--
-- Name: exam_schedules; Type: TABLE; Schema: public; Owner: postgres
--

CREATE TABLE public.exam_schedules (
    exam_id integer NOT NULL,
    start_time timestamp with time zone NOT NULL,
    end_time timestamp with time zone NOT NULL,
    max_capacity integer NOT NULL,
    created_at timestamp with time zone DEFAULT now(),
    updated_at timestamp with time zone,
    name character varying NOT NULL,
    CONSTRAINT check_end_time_after_start_time CHECK ((end_time > start_time)),
    CONSTRAINT check_positive_max_capacity CHECK ((max_capacity > 0))
);


ALTER TABLE public.exam_schedules OWNER TO postgres;

--
-- Name: exam_schedules_exam_id_seq; Type: SEQUENCE; Schema: public; Owner: postgres
--

CREATE SEQUENCE public.exam_schedules_exam_id_seq
    AS integer
    START WITH 1
    INCREMENT BY 1
    NO MINVALUE
    NO MAXVALUE
    CACHE 1;


ALTER SEQUENCE public.exam_schedules_exam_id_seq OWNER TO postgres;

--
-- Name: exam_schedules_exam_id_seq; Type: SEQUENCE OWNED BY; Schema: public; Owner: postgres
--

ALTER SEQUENCE public.exam_schedules_exam_id_seq OWNED BY public.exam_schedules.exam_id;


--
-- Name: reservations; Type: TABLE; Schema: public; Owner: postgres
--

CREATE TABLE public.reservations (
    reservation_id integer NOT NULL,
    user_id integer NOT NULL,
    exam_id integer NOT NULL,
    num_participants integer NOT NULL,
    is_confirmed boolean,
    created_at timestamp with time zone DEFAULT now(),
    updated_at timestamp with time zone,
    CONSTRAINT check_positive_participants CHECK ((num_participants > 0))
);


ALTER TABLE public.reservations OWNER TO postgres;

--
-- Name: reservations_reservation_id_seq; Type: SEQUENCE; Schema: public; Owner: postgres
--

CREATE SEQUENCE public.reservations_reservation_id_seq
    AS integer
    START WITH 1
    INCREMENT BY 1
    NO MINVALUE
    NO MAXVALUE
    CACHE 1;


ALTER SEQUENCE public.reservations_reservation_id_seq OWNER TO postgres;

--
-- Name: reservations_reservation_id_seq; Type: SEQUENCE OWNED BY; Schema: public; Owner: postgres
--

ALTER SEQUENCE public.reservations_reservation_id_seq OWNED BY public.reservations.reservation_id;


--
-- Name: users; Type: TABLE; Schema: public; Owner: postgres
--

CREATE TABLE public.users (
    user_id integer NOT NULL,
    email character varying NOT NULL,
    username character varying NOT NULL,
    hashed_password character varying NOT NULL,
    first_name character varying,
    last_name character varying,
    is_active boolean,
    is_admin boolean,
    created_at timestamp with time zone DEFAULT now(),
    updated_at timestamp with time zone,
    CONSTRAINT check_password_length CHECK ((length((hashed_password)::text) > 8))
);


ALTER TABLE public.users OWNER TO postgres;

--
-- Name: users_user_id_seq; Type: SEQUENCE; Schema: public; Owner: postgres
--

CREATE SEQUENCE public.users_user_id_seq
    AS integer
    START WITH 1
    INCREMENT BY 1
    NO MINVALUE
    NO MAXVALUE
    CACHE 1;


ALTER SEQUENCE public.users_user_id_seq OWNER TO postgres;

--
-- Name: users_user_id_seq; Type: SEQUENCE OWNED BY; Schema: public; Owner: postgres
--

ALTER SEQUENCE public.users_user_id_seq OWNED BY public.users.user_id;


--
-- Name: exam_schedules exam_id; Type: DEFAULT; Schema: public; Owner: postgres
--

ALTER TABLE ONLY public.exam_schedules ALTER COLUMN exam_id SET DEFAULT nextval('public.exam_schedules_exam_id_seq'::regclass);


--
-- Name: reservations reservation_id; Type: DEFAULT; Schema: public; Owner: postgres
--

ALTER TABLE ONLY public.reservations ALTER COLUMN reservation_id SET DEFAULT nextval('public.reservations_reservation_id_seq'::regclass);


--
-- Name: users user_id; Type: DEFAULT; Schema: public; Owner: postgres
--

ALTER TABLE ONLY public.users ALTER COLUMN user_id SET DEFAULT nextval('public.users_user_id_seq'::regclass);


--
-- Data for Name: alembic_version; Type: TABLE DATA; Schema: public; Owner: postgres
--

COPY public.alembic_version (version_num) FROM stdin;
8fb15993f9f4
\.


--
-- Data for Name: exam_schedules; Type: TABLE DATA; Schema: public; Owner: postgres
--

COPY public.exam_schedules (exam_id, start_time, end_time, max_capacity, created_at, updated_at, name) FROM stdin;
1	2024-10-14 12:00:00+00	2024-10-14 13:00:00+00	34000	2024-10-10 04:32:49.043981+00	\N	Quod quo a.
2	2024-10-11 21:00:00+00	2024-10-11 23:00:00+00	40000	2024-10-10 04:32:49.043981+00	\N	Fugiat asperiores.
3	2024-11-03 18:00:00+00	2024-11-03 19:00:00+00	36000	2024-10-10 04:32:49.043981+00	\N	Laborum eius fuga.
4	2024-10-16 13:00:00+00	2024-10-16 14:00:00+00	25000	2024-10-10 04:32:49.043981+00	\N	Omnis atque molestias.
5	2024-11-02 16:00:00+00	2024-11-02 18:00:00+00	35000	2024-10-10 04:32:49.043981+00	\N	Culpa voluptates.
6	2024-10-24 19:00:00+00	2024-10-24 20:00:00+00	46000	2024-10-10 04:32:49.043981+00	\N	Molestiae veniam.
7	2024-10-17 15:00:00+00	2024-10-17 16:00:00+00	29000	2024-10-10 04:32:49.043981+00	\N	Animi dolorum repellendus.
8	2024-11-01 18:00:00+00	2024-11-01 19:00:00+00	29000	2024-10-10 04:32:49.043981+00	\N	Illo omnis.
9	2024-10-26 12:00:00+00	2024-10-26 14:00:00+00	37000	2024-10-10 04:32:49.043981+00	\N	Corporis quasi maiores.
10	2024-10-21 15:00:00+00	2024-10-21 16:00:00+00	21000	2024-10-10 04:32:49.043981+00	\N	In repellat.
11	2024-10-14 15:00:00+00	2024-10-14 17:00:00+00	26000	2024-10-10 04:32:49.043981+00	\N	Doloribus vel suscipit sit.
12	2024-10-18 13:00:00+00	2024-10-18 14:00:00+00	32000	2024-10-10 04:32:49.043981+00	\N	Expedita et.
13	2024-11-03 17:00:00+00	2024-11-03 18:00:00+00	35000	2024-10-10 04:32:49.043981+00	\N	Nostrum doloribus numquam.
14	2024-10-16 21:00:00+00	2024-10-16 22:00:00+00	36000	2024-10-10 04:32:49.043981+00	\N	Hic corporis.
15	2024-10-12 15:00:00+00	2024-10-12 16:00:00+00	34000	2024-10-10 04:32:49.043981+00	\N	Placeat facere rerum iste.
16	2024-11-06 14:00:00+00	2024-11-06 16:00:00+00	48000	2024-10-10 04:32:49.043981+00	\N	Esse veniam.
17	2024-10-30 16:00:00+00	2024-10-30 18:00:00+00	23000	2024-10-10 04:32:49.043981+00	\N	Tempora reiciendis porro.
18	2024-10-21 13:00:00+00	2024-10-21 15:00:00+00	23000	2024-10-10 04:32:49.043981+00	\N	Assumenda enim amet.
19	2024-11-01 15:00:00+00	2024-11-01 16:00:00+00	35000	2024-10-10 04:32:49.043981+00	\N	Animi debitis.
20	2024-10-15 12:00:00+00	2024-10-15 14:00:00+00	39000	2024-10-10 04:32:49.043981+00	\N	Iste nulla officiis suscipit.
21	2024-10-24 16:00:00+00	2024-10-24 17:00:00+00	46000	2024-10-10 04:53:00.046462+00	\N	Nesciunt ab.
22	2024-10-19 17:00:00+00	2024-10-19 19:00:00+00	34000	2024-10-10 04:53:00.046462+00	\N	Voluptas architecto explicabo.
23	2024-10-29 15:00:00+00	2024-10-29 16:00:00+00	29000	2024-10-10 04:53:00.046462+00	\N	Soluta consequatur odio.
24	2024-10-13 16:00:00+00	2024-10-13 17:00:00+00	47000	2024-10-10 04:53:00.046462+00	\N	Cum voluptas earum.
25	2024-10-18 18:00:00+00	2024-10-18 20:00:00+00	34000	2024-10-10 04:53:00.046462+00	\N	Maiores dicta.
26	2024-10-26 16:00:00+00	2024-10-26 18:00:00+00	26000	2024-10-10 04:53:00.046462+00	\N	Commodi totam deserunt.
27	2024-11-10 12:00:00+00	2024-11-10 13:00:00+00	29000	2024-10-10 04:53:00.046462+00	\N	Beatae doloremque.
28	2024-11-03 12:00:00+00	2024-11-03 13:00:00+00	46000	2024-10-10 04:53:00.046462+00	\N	Dolores quidem.
29	2024-11-05 18:00:00+00	2024-11-05 19:00:00+00	45000	2024-10-10 04:53:00.046462+00	\N	Ad asperiores.
30	2024-10-20 18:00:00+00	2024-10-20 19:00:00+00	43000	2024-10-10 04:53:00.046462+00	\N	Rerum.
31	2024-10-14 21:00:00+00	2024-10-14 22:00:00+00	27000	2024-10-10 04:53:00.046462+00	\N	Modi consequuntur tempore.
32	2024-10-15 18:00:00+00	2024-10-15 20:00:00+00	47000	2024-10-10 04:53:00.046462+00	\N	Similique magnam perferendis.
33	2024-10-25 19:00:00+00	2024-10-25 20:00:00+00	21000	2024-10-10 04:53:00.046462+00	\N	Est ut.
34	2024-11-10 17:00:00+00	2024-11-10 19:00:00+00	44000	2024-10-10 04:53:00.046462+00	\N	Quam commodi.
35	2024-11-02 19:00:00+00	2024-11-02 20:00:00+00	44000	2024-10-10 04:53:00.046462+00	\N	Magni aliquam.
36	2024-11-09 17:00:00+00	2024-11-09 18:00:00+00	22000	2024-10-10 04:53:00.046462+00	\N	Tempora aut.
37	2024-10-12 18:00:00+00	2024-10-12 19:00:00+00	47000	2024-10-10 04:53:00.046462+00	\N	Incidunt cum libero veniam.
38	2024-11-04 19:00:00+00	2024-11-04 20:00:00+00	40000	2024-10-10 04:53:00.046462+00	\N	Eos officiis.
39	2024-10-13 18:00:00+00	2024-10-13 20:00:00+00	40000	2024-10-10 04:53:00.046462+00	\N	Eaque.
40	2024-10-26 20:00:00+00	2024-10-26 21:00:00+00	42000	2024-10-10 04:53:00.046462+00	\N	Sequi labore.
\.


--
-- Data for Name: reservations; Type: TABLE DATA; Schema: public; Owner: postgres
--

COPY public.reservations (reservation_id, user_id, exam_id, num_participants, is_confirmed, created_at, updated_at) FROM stdin;
1	4	3	3000	f	2024-10-10 04:32:49.049657+00	\N
2	3	7	5000	t	2024-10-10 04:32:49.049657+00	\N
3	8	6	10000	t	2024-10-10 04:32:49.049657+00	\N
4	5	5	5000	f	2024-10-10 04:32:49.049657+00	\N
5	3	12	1000	t	2024-10-10 04:32:49.049657+00	\N
6	4	7	5000	t	2024-10-10 04:32:49.049657+00	\N
7	6	18	7000	f	2024-10-10 04:32:49.049657+00	\N
8	9	19	4000	t	2024-10-10 04:32:49.049657+00	\N
9	4	16	10000	f	2024-10-10 04:32:49.049657+00	\N
10	8	18	9000	f	2024-10-10 04:32:49.049657+00	\N
11	3	5	5000	f	2024-10-10 04:32:49.049657+00	\N
12	8	15	9000	t	2024-10-10 04:32:49.049657+00	\N
13	3	17	10000	f	2024-10-10 04:32:49.049657+00	\N
14	7	3	4000	f	2024-10-10 04:32:49.049657+00	\N
15	5	4	5000	f	2024-10-10 04:32:49.049657+00	\N
16	5	18	3000	f	2024-10-10 04:32:49.049657+00	\N
17	7	8	6000	f	2024-10-10 04:32:49.049657+00	\N
18	1	12	8000	t	2024-10-10 04:32:49.049657+00	\N
19	6	15	5000	f	2024-10-10 04:32:49.049657+00	\N
20	9	8	9000	t	2024-10-10 04:32:49.049657+00	\N
21	8	8	3000	t	2024-10-10 04:32:49.049657+00	\N
22	5	18	10000	f	2024-10-10 04:32:49.049657+00	\N
23	10	10	10000	t	2024-10-10 04:32:49.049657+00	\N
24	2	18	3000	f	2024-10-10 04:32:49.049657+00	\N
25	7	17	6000	t	2024-10-10 04:32:49.049657+00	\N
26	9	7	9000	t	2024-10-10 04:32:49.049657+00	\N
27	9	19	10000	t	2024-10-10 04:32:49.049657+00	\N
28	2	20	4000	f	2024-10-10 04:32:49.049657+00	\N
29	7	3	5000	t	2024-10-10 04:32:49.049657+00	\N
30	7	7	5000	f	2024-10-10 04:32:49.049657+00	\N
31	1	12	3000	t	2024-10-10 04:32:49.049657+00	\N
32	5	5	4000	t	2024-10-10 04:32:49.049657+00	\N
33	10	2	3000	t	2024-10-10 04:32:49.049657+00	\N
34	4	2	3000	f	2024-10-10 04:32:49.049657+00	\N
35	2	18	4000	t	2024-10-10 04:32:49.049657+00	\N
36	5	10	5000	f	2024-10-10 04:32:49.049657+00	\N
37	4	8	6000	t	2024-10-10 04:32:49.049657+00	\N
38	10	2	8000	f	2024-10-10 04:32:49.049657+00	\N
39	9	10	7000	f	2024-10-10 04:32:49.049657+00	\N
40	1	16	9000	f	2024-10-10 04:32:49.049657+00	\N
41	2	6	3000	f	2024-10-10 04:32:49.049657+00	\N
42	4	10	10000	t	2024-10-10 04:32:49.049657+00	\N
43	3	3	4000	t	2024-10-10 04:32:49.049657+00	\N
44	1	5	3000	f	2024-10-10 04:32:49.049657+00	\N
45	1	6	5000	t	2024-10-10 04:32:49.049657+00	\N
46	5	1	2000	t	2024-10-10 04:32:49.049657+00	\N
47	6	19	8000	t	2024-10-10 04:32:49.049657+00	\N
48	6	8	2000	f	2024-10-10 04:32:49.049657+00	\N
49	4	16	9000	f	2024-10-10 04:32:49.049657+00	\N
50	5	8	6000	t	2024-10-10 04:32:49.049657+00	\N
51	1	6	4000	t	2024-10-10 04:32:49.049657+00	\N
52	3	18	1000	t	2024-10-10 04:32:49.049657+00	\N
53	2	16	4000	t	2024-10-10 04:32:49.049657+00	\N
54	1	19	3000	f	2024-10-10 04:32:49.049657+00	\N
55	1	12	3000	t	2024-10-10 04:32:49.049657+00	\N
56	4	3	4000	f	2024-10-10 04:32:49.049657+00	\N
57	9	20	4000	t	2024-10-10 04:32:49.049657+00	\N
58	3	11	7000	t	2024-10-10 04:32:49.049657+00	\N
59	5	14	2000	t	2024-10-10 04:32:49.049657+00	\N
60	9	14	1000	t	2024-10-10 04:32:49.049657+00	\N
61	7	3	9000	t	2024-10-10 04:32:49.049657+00	\N
62	5	10	8000	f	2024-10-10 04:32:49.049657+00	\N
63	10	7	3000	f	2024-10-10 04:32:49.049657+00	\N
64	7	5	5000	t	2024-10-10 04:32:49.049657+00	\N
65	4	15	7000	t	2024-10-10 04:32:49.049657+00	\N
66	3	13	10000	t	2024-10-10 04:32:49.049657+00	\N
67	10	13	10000	t	2024-10-10 04:32:49.049657+00	\N
68	4	5	5000	t	2024-10-10 04:32:49.049657+00	\N
69	8	2	7000	f	2024-10-10 04:32:49.049657+00	\N
70	2	11	1000	t	2024-10-10 04:32:49.049657+00	\N
71	5	9	1000	f	2024-10-10 04:32:49.049657+00	\N
72	3	13	2000	f	2024-10-10 04:32:49.049657+00	\N
73	2	20	7000	t	2024-10-10 04:32:49.049657+00	\N
74	2	10	1000	t	2024-10-10 04:32:49.049657+00	\N
75	1	14	7000	f	2024-10-10 04:32:49.049657+00	\N
76	7	5	2000	t	2024-10-10 04:32:49.049657+00	\N
77	8	16	2000	t	2024-10-10 04:32:49.049657+00	\N
78	6	8	8000	f	2024-10-10 04:32:49.049657+00	\N
79	2	9	6000	f	2024-10-10 04:32:49.049657+00	\N
80	9	13	8000	f	2024-10-10 04:32:49.049657+00	\N
81	3	16	5000	t	2024-10-10 04:32:49.049657+00	\N
82	4	14	9000	f	2024-10-10 04:32:49.049657+00	\N
83	9	17	1000	f	2024-10-10 04:32:49.049657+00	\N
84	4	3	1000	t	2024-10-10 04:32:49.049657+00	\N
85	4	19	5000	f	2024-10-10 04:32:49.049657+00	\N
86	4	11	5000	t	2024-10-10 04:32:49.049657+00	\N
87	1	11	3000	f	2024-10-10 04:32:49.049657+00	\N
88	1	6	8000	t	2024-10-10 04:32:49.049657+00	\N
89	1	13	9000	f	2024-10-10 04:32:49.049657+00	\N
90	5	11	10000	f	2024-10-10 04:32:49.049657+00	\N
91	7	5	7000	t	2024-10-10 04:32:49.049657+00	\N
92	7	13	7000	t	2024-10-10 04:32:49.049657+00	\N
93	10	5	10000	f	2024-10-10 04:32:49.049657+00	\N
94	9	18	1000	t	2024-10-10 04:32:49.049657+00	\N
95	1	5	4000	f	2024-10-10 04:32:49.049657+00	\N
96	3	17	7000	f	2024-10-10 04:32:49.049657+00	\N
97	10	13	6000	t	2024-10-10 04:32:49.049657+00	\N
98	8	17	3000	f	2024-10-10 04:32:49.049657+00	\N
99	7	15	2000	t	2024-10-10 04:32:49.049657+00	\N
100	9	1	4000	f	2024-10-10 04:32:49.049657+00	\N
101	10	5	2000	t	2024-10-10 04:32:49.049657+00	\N
102	6	15	4000	t	2024-10-10 04:32:49.049657+00	\N
103	9	20	6000	t	2024-10-10 04:32:49.049657+00	\N
104	10	12	2000	f	2024-10-10 04:32:49.049657+00	\N
105	9	10	3000	t	2024-10-10 04:32:49.049657+00	\N
106	5	14	10000	f	2024-10-10 04:32:49.049657+00	\N
107	7	5	4000	t	2024-10-10 04:32:49.049657+00	\N
108	2	10	9000	f	2024-10-10 04:32:49.049657+00	\N
109	8	10	5000	f	2024-10-10 04:32:49.049657+00	\N
110	4	19	5000	t	2024-10-10 04:32:49.049657+00	\N
111	5	7	7000	f	2024-10-10 04:32:49.049657+00	\N
112	9	11	1000	t	2024-10-10 04:32:49.049657+00	\N
113	7	7	8000	t	2024-10-10 04:32:49.049657+00	\N
114	5	6	1000	t	2024-10-10 04:32:49.049657+00	\N
115	5	5	6000	t	2024-10-10 04:32:49.049657+00	\N
116	5	14	6000	t	2024-10-10 04:32:49.049657+00	\N
117	6	4	5000	f	2024-10-10 04:32:49.049657+00	\N
118	5	3	6000	f	2024-10-10 04:32:49.049657+00	\N
119	3	18	4000	f	2024-10-10 04:32:49.049657+00	\N
120	4	5	3000	t	2024-10-10 04:32:49.049657+00	\N
121	8	20	10000	t	2024-10-10 04:32:49.049657+00	\N
122	1	14	3000	f	2024-10-10 04:32:49.049657+00	\N
123	3	9	6000	f	2024-10-10 04:32:49.049657+00	\N
124	3	13	7000	f	2024-10-10 04:32:49.049657+00	\N
125	6	9	4000	t	2024-10-10 04:32:49.049657+00	\N
126	8	12	5000	f	2024-10-10 04:32:49.049657+00	\N
127	1	11	10000	f	2024-10-10 04:32:49.049657+00	\N
128	9	19	2000	f	2024-10-10 04:32:49.049657+00	\N
129	4	11	6000	t	2024-10-10 04:32:49.049657+00	\N
130	3	19	5000	t	2024-10-10 04:32:49.049657+00	\N
131	2	6	3000	f	2024-10-10 04:32:49.049657+00	\N
132	7	7	4000	t	2024-10-10 04:32:49.049657+00	\N
133	5	14	8000	t	2024-10-10 04:32:49.049657+00	\N
134	6	3	10000	f	2024-10-10 04:32:49.049657+00	\N
135	2	15	1000	t	2024-10-10 04:32:49.049657+00	\N
136	2	14	4000	f	2024-10-10 04:32:49.049657+00	\N
137	9	9	8000	f	2024-10-10 04:32:49.049657+00	\N
138	1	7	5000	f	2024-10-10 04:32:49.049657+00	\N
139	2	1	6000	f	2024-10-10 04:32:49.049657+00	\N
140	3	12	4000	f	2024-10-10 04:32:49.049657+00	\N
141	7	12	7000	f	2024-10-10 04:32:49.049657+00	\N
142	1	4	9000	f	2024-10-10 04:32:49.049657+00	\N
143	1	9	5000	f	2024-10-10 04:32:49.049657+00	\N
144	5	19	4000	t	2024-10-10 04:32:49.049657+00	\N
145	8	9	6000	t	2024-10-10 04:32:49.049657+00	\N
146	10	15	1000	t	2024-10-10 04:32:49.049657+00	\N
147	9	10	6000	t	2024-10-10 04:32:49.049657+00	\N
148	9	7	8000	t	2024-10-10 04:32:49.049657+00	\N
149	5	20	5000	t	2024-10-10 04:32:49.049657+00	\N
150	1	4	7000	t	2024-10-10 04:32:49.049657+00	\N
151	8	18	1000	t	2024-10-10 04:32:49.049657+00	\N
152	7	7	6000	f	2024-10-10 04:32:49.049657+00	\N
153	3	13	10000	t	2024-10-10 04:32:49.049657+00	\N
154	6	9	7000	t	2024-10-10 04:32:49.049657+00	\N
155	2	1	8000	f	2024-10-10 04:32:49.049657+00	\N
156	1	17	5000	t	2024-10-10 04:32:49.049657+00	\N
157	5	19	7000	f	2024-10-10 04:32:49.049657+00	\N
158	8	10	8000	f	2024-10-10 04:32:49.049657+00	\N
159	9	20	6000	t	2024-10-10 04:32:49.049657+00	\N
160	4	6	10000	f	2024-10-10 04:32:49.049657+00	\N
161	1	2	10000	f	2024-10-10 04:32:49.049657+00	\N
162	6	10	3000	f	2024-10-10 04:32:49.049657+00	\N
163	2	5	6000	f	2024-10-10 04:32:49.049657+00	\N
164	9	7	3000	f	2024-10-10 04:32:49.049657+00	\N
165	5	8	2000	t	2024-10-10 04:32:49.049657+00	\N
166	9	5	2000	f	2024-10-10 04:32:49.049657+00	\N
167	9	18	7000	f	2024-10-10 04:32:49.049657+00	\N
168	5	13	6000	t	2024-10-10 04:32:49.049657+00	\N
169	7	14	6000	f	2024-10-10 04:32:49.049657+00	\N
170	10	13	1000	t	2024-10-10 04:32:49.049657+00	\N
171	6	7	6000	f	2024-10-10 04:32:49.049657+00	\N
172	4	7	2000	f	2024-10-10 04:32:49.049657+00	\N
173	8	8	4000	f	2024-10-10 04:32:49.049657+00	\N
174	5	11	2000	t	2024-10-10 04:32:49.049657+00	\N
175	10	1	1000	t	2024-10-10 04:32:49.049657+00	\N
176	4	9	6000	f	2024-10-10 04:32:49.049657+00	\N
177	10	18	5000	t	2024-10-10 04:32:49.049657+00	\N
178	2	6	1000	t	2024-10-10 04:32:49.049657+00	\N
179	2	8	7000	f	2024-10-10 04:32:49.049657+00	\N
180	4	17	1000	f	2024-10-10 04:32:49.049657+00	\N
181	7	3	7000	f	2024-10-10 04:32:49.049657+00	\N
182	10	11	7000	f	2024-10-10 04:32:49.049657+00	\N
183	8	10	4000	t	2024-10-10 04:32:49.049657+00	\N
184	3	17	2000	f	2024-10-10 04:32:49.049657+00	\N
185	8	10	7000	t	2024-10-10 04:32:49.049657+00	\N
186	1	19	1000	t	2024-10-10 04:32:49.049657+00	\N
187	7	4	3000	t	2024-10-10 04:32:49.049657+00	\N
188	6	12	8000	t	2024-10-10 04:32:49.049657+00	\N
189	3	2	8000	t	2024-10-10 04:32:49.049657+00	\N
190	4	7	6000	t	2024-10-10 04:32:49.049657+00	\N
191	4	20	8000	t	2024-10-10 04:32:49.049657+00	\N
192	8	1	4000	f	2024-10-10 04:32:49.049657+00	\N
193	7	1	1000	f	2024-10-10 04:32:49.049657+00	\N
194	9	18	2000	f	2024-10-10 04:32:49.049657+00	\N
195	4	7	6000	f	2024-10-10 04:32:49.049657+00	\N
196	2	10	4000	t	2024-10-10 04:32:49.049657+00	\N
197	8	6	8000	t	2024-10-10 04:32:49.049657+00	\N
198	9	12	2000	f	2024-10-10 04:32:49.049657+00	\N
199	10	4	10000	t	2024-10-10 04:32:49.049657+00	\N
200	6	5	4000	t	2024-10-10 04:32:49.049657+00	\N
201	21	27	5000	f	2024-10-10 04:53:00.050558+00	\N
202	20	27	1000	f	2024-10-10 04:53:00.050558+00	\N
203	20	25	9000	f	2024-10-10 04:53:00.050558+00	\N
204	21	27	6000	t	2024-10-10 04:53:00.050558+00	\N
205	12	39	2000	t	2024-10-10 04:53:00.050558+00	\N
206	20	38	7000	t	2024-10-10 04:53:00.050558+00	\N
207	20	23	1000	f	2024-10-10 04:53:00.050558+00	\N
208	14	34	7000	t	2024-10-10 04:53:00.050558+00	\N
209	13	37	3000	f	2024-10-10 04:53:00.050558+00	\N
210	21	25	8000	f	2024-10-10 04:53:00.050558+00	\N
211	19	40	3000	t	2024-10-10 04:53:00.050558+00	\N
212	14	37	1000	t	2024-10-10 04:53:00.050558+00	\N
213	16	38	7000	t	2024-10-10 04:53:00.050558+00	\N
214	20	32	10000	f	2024-10-10 04:53:00.050558+00	\N
215	15	38	10000	f	2024-10-10 04:53:00.050558+00	\N
216	16	37	2000	f	2024-10-10 04:53:00.050558+00	\N
217	13	35	8000	f	2024-10-10 04:53:00.050558+00	\N
218	20	37	5000	f	2024-10-10 04:53:00.050558+00	\N
219	16	32	5000	f	2024-10-10 04:53:00.050558+00	\N
220	21	25	1000	t	2024-10-10 04:53:00.050558+00	\N
221	19	34	3000	t	2024-10-10 04:53:00.050558+00	\N
222	15	24	1000	t	2024-10-10 04:53:00.050558+00	\N
223	18	40	6000	t	2024-10-10 04:53:00.050558+00	\N
224	13	28	5000	f	2024-10-10 04:53:00.050558+00	\N
225	12	33	1000	f	2024-10-10 04:53:00.050558+00	\N
226	17	30	2000	t	2024-10-10 04:53:00.050558+00	\N
227	21	33	2000	t	2024-10-10 04:53:00.050558+00	\N
228	13	33	8000	f	2024-10-10 04:53:00.050558+00	\N
229	12	32	2000	f	2024-10-10 04:53:00.050558+00	\N
230	13	35	2000	t	2024-10-10 04:53:00.050558+00	\N
231	19	23	8000	t	2024-10-10 04:53:00.050558+00	\N
232	15	39	6000	f	2024-10-10 04:53:00.050558+00	\N
233	15	33	1000	f	2024-10-10 04:53:00.050558+00	\N
234	14	31	2000	f	2024-10-10 04:53:00.050558+00	\N
235	18	33	5000	t	2024-10-10 04:53:00.050558+00	\N
236	20	25	9000	t	2024-10-10 04:53:00.050558+00	\N
237	13	28	8000	f	2024-10-10 04:53:00.050558+00	\N
238	16	29	5000	t	2024-10-10 04:53:00.050558+00	\N
239	14	23	6000	t	2024-10-10 04:53:00.050558+00	\N
240	12	28	9000	f	2024-10-10 04:53:00.050558+00	\N
241	12	22	9000	f	2024-10-10 04:53:00.050558+00	\N
242	18	33	4000	f	2024-10-10 04:53:00.050558+00	\N
243	21	31	2000	f	2024-10-10 04:53:00.050558+00	\N
244	13	36	4000	f	2024-10-10 04:53:00.050558+00	\N
245	19	25	6000	f	2024-10-10 04:53:00.050558+00	\N
246	19	40	2000	f	2024-10-10 04:53:00.050558+00	\N
247	20	38	8000	t	2024-10-10 04:53:00.050558+00	\N
248	19	31	6000	f	2024-10-10 04:53:00.050558+00	\N
249	20	32	4000	f	2024-10-10 04:53:00.050558+00	\N
250	12	31	7000	f	2024-10-10 04:53:00.050558+00	\N
251	20	35	3000	t	2024-10-10 04:53:00.050558+00	\N
252	13	24	7000	t	2024-10-10 04:53:00.050558+00	\N
253	13	28	5000	f	2024-10-10 04:53:00.050558+00	\N
254	19	39	8000	t	2024-10-10 04:53:00.050558+00	\N
255	13	34	8000	f	2024-10-10 04:53:00.050558+00	\N
256	12	39	6000	f	2024-10-10 04:53:00.050558+00	\N
257	16	34	1000	t	2024-10-10 04:53:00.050558+00	\N
258	15	28	2000	t	2024-10-10 04:53:00.050558+00	\N
259	15	27	4000	f	2024-10-10 04:53:00.050558+00	\N
260	21	22	10000	f	2024-10-10 04:53:00.050558+00	\N
261	20	33	1000	t	2024-10-10 04:53:00.050558+00	\N
262	15	39	1000	f	2024-10-10 04:53:00.050558+00	\N
263	12	23	2000	f	2024-10-10 04:53:00.050558+00	\N
264	18	30	7000	f	2024-10-10 04:53:00.050558+00	\N
265	19	39	8000	f	2024-10-10 04:53:00.050558+00	\N
266	17	33	7000	t	2024-10-10 04:53:00.050558+00	\N
267	17	26	10000	t	2024-10-10 04:53:00.050558+00	\N
268	18	27	5000	f	2024-10-10 04:53:00.050558+00	\N
269	16	31	8000	f	2024-10-10 04:53:00.050558+00	\N
270	20	37	8000	t	2024-10-10 04:53:00.050558+00	\N
271	21	38	7000	f	2024-10-10 04:53:00.050558+00	\N
272	15	23	2000	t	2024-10-10 04:53:00.050558+00	\N
273	18	35	3000	f	2024-10-10 04:53:00.050558+00	\N
274	21	37	8000	f	2024-10-10 04:53:00.050558+00	\N
275	16	31	3000	f	2024-10-10 04:53:00.050558+00	\N
276	19	34	8000	t	2024-10-10 04:53:00.050558+00	\N
277	12	27	1000	f	2024-10-10 04:53:00.050558+00	\N
278	17	27	3000	f	2024-10-10 04:53:00.050558+00	\N
279	14	32	9000	t	2024-10-10 04:53:00.050558+00	\N
280	19	34	2000	f	2024-10-10 04:53:00.050558+00	\N
281	15	25	5000	f	2024-10-10 04:53:00.050558+00	\N
282	12	25	1000	t	2024-10-10 04:53:00.050558+00	\N
283	16	27	10000	t	2024-10-10 04:53:00.050558+00	\N
284	15	24	3000	f	2024-10-10 04:53:00.050558+00	\N
285	13	40	9000	t	2024-10-10 04:53:00.050558+00	\N
286	19	37	1000	f	2024-10-10 04:53:00.050558+00	\N
287	15	22	4000	f	2024-10-10 04:53:00.050558+00	\N
288	20	28	1000	f	2024-10-10 04:53:00.050558+00	\N
289	18	36	2000	f	2024-10-10 04:53:00.050558+00	\N
290	17	31	9000	t	2024-10-10 04:53:00.050558+00	\N
291	17	25	7000	t	2024-10-10 04:53:00.050558+00	\N
292	18	25	4000	t	2024-10-10 04:53:00.050558+00	\N
293	21	36	6000	f	2024-10-10 04:53:00.050558+00	\N
294	19	30	4000	t	2024-10-10 04:53:00.050558+00	\N
295	12	21	4000	t	2024-10-10 04:53:00.050558+00	\N
296	20	36	8000	f	2024-10-10 04:53:00.050558+00	\N
297	17	31	7000	f	2024-10-10 04:53:00.050558+00	\N
298	16	29	2000	f	2024-10-10 04:53:00.050558+00	\N
299	12	22	1000	t	2024-10-10 04:53:00.050558+00	\N
300	18	38	9000	f	2024-10-10 04:53:00.050558+00	\N
301	20	39	10000	t	2024-10-10 04:53:00.050558+00	\N
302	13	36	9000	f	2024-10-10 04:53:00.050558+00	\N
303	13	26	3000	f	2024-10-10 04:53:00.050558+00	\N
304	12	36	9000	f	2024-10-10 04:53:00.050558+00	\N
305	18	40	4000	f	2024-10-10 04:53:00.050558+00	\N
306	17	38	2000	f	2024-10-10 04:53:00.050558+00	\N
307	16	35	5000	t	2024-10-10 04:53:00.050558+00	\N
308	19	26	8000	f	2024-10-10 04:53:00.050558+00	\N
309	21	38	7000	f	2024-10-10 04:53:00.050558+00	\N
310	19	25	10000	t	2024-10-10 04:53:00.050558+00	\N
311	14	23	10000	t	2024-10-10 04:53:00.050558+00	\N
312	17	37	1000	f	2024-10-10 04:53:00.050558+00	\N
313	12	38	9000	f	2024-10-10 04:53:00.050558+00	\N
314	20	24	5000	f	2024-10-10 04:53:00.050558+00	\N
315	13	39	6000	t	2024-10-10 04:53:00.050558+00	\N
316	15	32	9000	t	2024-10-10 04:53:00.050558+00	\N
317	21	36	4000	f	2024-10-10 04:53:00.050558+00	\N
318	14	32	7000	f	2024-10-10 04:53:00.050558+00	\N
319	12	30	8000	f	2024-10-10 04:53:00.050558+00	\N
320	16	32	3000	f	2024-10-10 04:53:00.050558+00	\N
321	17	31	7000	t	2024-10-10 04:53:00.050558+00	\N
322	16	40	10000	f	2024-10-10 04:53:00.050558+00	\N
323	14	27	9000	f	2024-10-10 04:53:00.050558+00	\N
324	13	32	4000	f	2024-10-10 04:53:00.050558+00	\N
325	13	34	4000	t	2024-10-10 04:53:00.050558+00	\N
326	13	32	4000	t	2024-10-10 04:53:00.050558+00	\N
327	19	21	3000	f	2024-10-10 04:53:00.050558+00	\N
328	19	34	6000	t	2024-10-10 04:53:00.050558+00	\N
329	21	32	6000	f	2024-10-10 04:53:00.050558+00	\N
330	19	32	10000	t	2024-10-10 04:53:00.050558+00	\N
331	19	22	3000	t	2024-10-10 04:53:00.050558+00	\N
332	15	32	5000	t	2024-10-10 04:53:00.050558+00	\N
333	12	34	9000	t	2024-10-10 04:53:00.050558+00	\N
334	21	38	2000	f	2024-10-10 04:53:00.050558+00	\N
335	17	38	10000	f	2024-10-10 04:53:00.050558+00	\N
336	17	21	8000	t	2024-10-10 04:53:00.050558+00	\N
337	19	36	2000	t	2024-10-10 04:53:00.050558+00	\N
338	17	36	5000	f	2024-10-10 04:53:00.050558+00	\N
339	14	31	6000	f	2024-10-10 04:53:00.050558+00	\N
340	16	39	5000	f	2024-10-10 04:53:00.050558+00	\N
341	20	32	3000	f	2024-10-10 04:53:00.050558+00	\N
342	20	27	1000	t	2024-10-10 04:53:00.050558+00	\N
343	13	40	2000	t	2024-10-10 04:53:00.050558+00	\N
344	19	36	3000	t	2024-10-10 04:53:00.050558+00	\N
345	12	40	4000	t	2024-10-10 04:53:00.050558+00	\N
346	21	30	1000	f	2024-10-10 04:53:00.050558+00	\N
347	18	35	4000	t	2024-10-10 04:53:00.050558+00	\N
348	17	23	4000	t	2024-10-10 04:53:00.050558+00	\N
349	19	24	4000	t	2024-10-10 04:53:00.050558+00	\N
350	16	33	8000	f	2024-10-10 04:53:00.050558+00	\N
351	14	26	8000	t	2024-10-10 04:53:00.050558+00	\N
352	14	40	2000	t	2024-10-10 04:53:00.050558+00	\N
353	21	37	4000	f	2024-10-10 04:53:00.050558+00	\N
354	16	34	9000	t	2024-10-10 04:53:00.050558+00	\N
355	13	37	8000	t	2024-10-10 04:53:00.050558+00	\N
356	12	38	4000	t	2024-10-10 04:53:00.050558+00	\N
357	16	30	8000	f	2024-10-10 04:53:00.050558+00	\N
358	13	40	1000	f	2024-10-10 04:53:00.050558+00	\N
359	19	35	3000	f	2024-10-10 04:53:00.050558+00	\N
360	17	36	1000	f	2024-10-10 04:53:00.050558+00	\N
361	14	35	9000	f	2024-10-10 04:53:00.050558+00	\N
362	17	30	9000	t	2024-10-10 04:53:00.050558+00	\N
363	14	39	10000	t	2024-10-10 04:53:00.050558+00	\N
364	18	37	8000	f	2024-10-10 04:53:00.050558+00	\N
365	21	22	6000	t	2024-10-10 04:53:00.050558+00	\N
366	13	26	1000	f	2024-10-10 04:53:00.050558+00	\N
367	18	38	9000	f	2024-10-10 04:53:00.050558+00	\N
368	19	22	2000	t	2024-10-10 04:53:00.050558+00	\N
369	14	33	3000	t	2024-10-10 04:53:00.050558+00	\N
370	15	27	9000	f	2024-10-10 04:53:00.050558+00	\N
371	16	22	6000	t	2024-10-10 04:53:00.050558+00	\N
372	18	34	6000	f	2024-10-10 04:53:00.050558+00	\N
373	15	37	10000	f	2024-10-10 04:53:00.050558+00	\N
374	12	40	1000	f	2024-10-10 04:53:00.050558+00	\N
375	12	29	4000	t	2024-10-10 04:53:00.050558+00	\N
376	19	35	9000	f	2024-10-10 04:53:00.050558+00	\N
377	16	38	1000	f	2024-10-10 04:53:00.050558+00	\N
378	17	29	9000	t	2024-10-10 04:53:00.050558+00	\N
379	20	39	8000	t	2024-10-10 04:53:00.050558+00	\N
380	13	27	10000	t	2024-10-10 04:53:00.050558+00	\N
381	13	31	10000	f	2024-10-10 04:53:00.050558+00	\N
382	16	33	5000	f	2024-10-10 04:53:00.050558+00	\N
383	18	39	7000	f	2024-10-10 04:53:00.050558+00	\N
384	15	27	4000	f	2024-10-10 04:53:00.050558+00	\N
385	13	30	6000	f	2024-10-10 04:53:00.050558+00	\N
386	12	21	7000	t	2024-10-10 04:53:00.050558+00	\N
387	16	24	1000	f	2024-10-10 04:53:00.050558+00	\N
388	12	24	8000	f	2024-10-10 04:53:00.050558+00	\N
389	14	25	5000	f	2024-10-10 04:53:00.050558+00	\N
390	16	39	5000	f	2024-10-10 04:53:00.050558+00	\N
391	19	31	8000	f	2024-10-10 04:53:00.050558+00	\N
392	14	23	3000	t	2024-10-10 04:53:00.050558+00	\N
393	16	21	5000	f	2024-10-10 04:53:00.050558+00	\N
394	20	33	1000	f	2024-10-10 04:53:00.050558+00	\N
395	18	32	1000	t	2024-10-10 04:53:00.050558+00	\N
396	18	33	1000	f	2024-10-10 04:53:00.050558+00	\N
397	16	32	4000	f	2024-10-10 04:53:00.050558+00	\N
398	15	24	6000	t	2024-10-10 04:53:00.050558+00	\N
399	19	21	4000	f	2024-10-10 04:53:00.050558+00	\N
400	13	34	9000	t	2024-10-10 04:53:00.050558+00	\N
\.


--
-- Data for Name: users; Type: TABLE DATA; Schema: public; Owner: postgres
--

COPY public.users (user_id, email, username, hashed_password, first_name, last_name, is_active, is_admin, created_at, updated_at) FROM stdin;
4	ngim@example.org	jeongsun34	$2b$12$FGH0VyQPmkRr.dy.hcGO9.sm.TaqM3mTkPEgFuBwitDSaTimkgkkq	성민	박	t	f	2024-10-10 04:32:49.0351+00	\N
7	eunjeongi@example.com	jieun27	$2b$12$FAhodvo0QFFqNES3UcTxFu/6.znJNGVypC4NMepB/2X.IQ01C4FDy	지아	김	t	f	2024-10-10 04:32:49.0351+00	\N
9	seojihu@example.com	jeonghyi36	$2b$12$5iiO2L0yWLNrDHCq5HRt0uVzHU.IlAGKKJX07CwvWiRXEO2l7uxLK	중수	손	t	f	2024-10-10 04:32:49.0351+00	\N
5	imijeong@example.net	bheo	$2b$12$knqwQuPVeOe1iqV8ExDLF.ZkEetOBJvWD6pgHFp8.UO0Wz7VydXj6	건우	차	t	f	2024-10-10 04:32:49.0351+00	\N
2	jeongsigjin@example.org	seonyeongan	$2b$12$79SRjd8EeevwcavTI7fakOftUPE4dvjY8Lzrfp2rQNrRpR94E4Pwa	경수	김	t	f	2024-10-10 04:32:49.0351+00	\N
1	ti@example.com	gangseoyeon	$2b$12$zjLDfwxKaeJ/3OGUW8abdOr9UxAIQUDuZtfIsJbYQZacLqrtRwns.	춘자	김	t	f	2024-10-10 04:32:49.0351+00	\N
3	seunghyeongim@example.org	mijeong76	$2b$12$rhfkozbkBVpAJm/zDzLD9.k3iWJCOFfacibGmZW9EM88/FMPtS0fu	은지	김	t	f	2024-10-10 04:32:49.0351+00	\N
8	jinu37@example.org	yseo	$2b$12$cCUYAiKyOrCLLnP4XQyr7OpNAQGtgDl7V1sYkZjRc9IM8nezYLZ7W	은경	김	t	f	2024-10-10 04:32:49.0351+00	\N
6	yeonghwan35@example.org	ngim	$2b$12$/Y.kag2U3np9tHc3aPT1J.S20Q3BLlmjWYpE/fcdEZ0HujGAG8HGa	채원	최	t	f	2024-10-10 04:32:49.0351+00	\N
11	grepp@example.com	grepp	$2b$12$4Ft4zeV0G4wJoF7r7z/1TuQKY7V3AFOEU8FUkuvazgd4f67JSn3Cq	\N	\N	t	t	2024-10-10 04:33:12.774558+00	\N
10	seonghoheo@example.org	sugja72	$2b$12$qiZuCU/aUhuPdV5O2Le8We4Z.FzMD7ztUkV.ADmC0nVlZkvM1g30q	성훈	박	t	f	2024-10-10 04:32:49.0351+00	\N
12	seojungim@example.com	bagyejun	$2b$12$7K6aZFi19MGEAB0xszKfkOfuoQfmeQqonLwrYDpPsRctCu1YKAG.2	경숙	박	t	f	2024-10-10 04:53:00.037484+00	\N
13	jeonghogim@example.com	yejin62	$2b$12$RGRL.4GaRBlpZ2TeDLRYjOokAvcmICgH9PY9FfP9ObQd/DVhyPAtC	서현	구	t	f	2024-10-10 04:53:00.037484+00	\N
14	jeonghunbag@example.org	ijaeho	$2b$12$ypJOLR5rPEEPIXZ6EqTcveMrl1b7vmBOkrcBhE.Y07yxyIf4Ed346	서연	주	t	t	2024-10-10 04:53:00.037484+00	\N
15	sanghun01@example.net	zgim	$2b$12$CxLpZYVUiYVOEJ4AVh.N0eljDXZiiNIJHMlcQ4ZKNEJL1DXRAvtDO	중수	박	t	f	2024-10-10 04:53:00.037484+00	\N
16	yunseoyun@example.net	yeongceol16	$2b$12$vt599tOAhRrCfdW5AMSOR.k4t9YhZybDEWKNq2LNUffCgCoLg8Lc2	우진	김	t	t	2024-10-10 04:53:00.037484+00	\N
17	jiyeongim@example.org	yeongceol33	$2b$12$h8t0rWIKeT92jrQY4UsJveupEK1aKk0/r5ria8PWT5Kb1A4JNKiB2	지은	류	t	f	2024-10-10 04:53:00.037484+00	\N
18	gimminsu@example.org	haneunjeong	$2b$12$OB8Iu3pmmrI4e7TkVirPS.aQ6YncQVttQgdnxlttBVc5a2xn54LyG	준서	이	t	t	2024-10-10 04:53:00.037484+00	\N
19	bagyeongil@example.org	donghyeongim	$2b$12$9fHg0/GlasIDQZSr/DTx3ODX3H.wcUnSHiOJbpGL7zMNRJ5ncEFOy	선영	김	t	t	2024-10-10 04:53:00.037484+00	\N
20	jimingim@example.net	jcoe	$2b$12$J8g6h3S6QwV3PuOktlpVueke5mT5RyluvN27vWszU1nlvXzh8BTtm	지현	안	t	f	2024-10-10 04:53:00.037484+00	\N
21	gohyeonjun@example.org	jaehojang	$2b$12$wUOtxPAmkUafGs98XIS9L.Os69Z7FylctXaFAKj30h28rVu0ba5qS	서영	윤	t	t	2024-10-10 04:53:00.037484+00	\N
\.


--
-- Name: exam_schedules_exam_id_seq; Type: SEQUENCE SET; Schema: public; Owner: postgres
--

SELECT pg_catalog.setval('public.exam_schedules_exam_id_seq', 40, true);


--
-- Name: reservations_reservation_id_seq; Type: SEQUENCE SET; Schema: public; Owner: postgres
--

SELECT pg_catalog.setval('public.reservations_reservation_id_seq', 400, true);


--
-- Name: users_user_id_seq; Type: SEQUENCE SET; Schema: public; Owner: postgres
--

SELECT pg_catalog.setval('public.users_user_id_seq', 21, true);


--
-- Name: alembic_version alembic_version_pkc; Type: CONSTRAINT; Schema: public; Owner: postgres
--

ALTER TABLE ONLY public.alembic_version
    ADD CONSTRAINT alembic_version_pkc PRIMARY KEY (version_num);


--
-- Name: exam_schedules exam_schedules_pkey; Type: CONSTRAINT; Schema: public; Owner: postgres
--

ALTER TABLE ONLY public.exam_schedules
    ADD CONSTRAINT exam_schedules_pkey PRIMARY KEY (exam_id);


--
-- Name: reservations reservations_pkey; Type: CONSTRAINT; Schema: public; Owner: postgres
--

ALTER TABLE ONLY public.reservations
    ADD CONSTRAINT reservations_pkey PRIMARY KEY (reservation_id);


--
-- Name: users users_pkey; Type: CONSTRAINT; Schema: public; Owner: postgres
--

ALTER TABLE ONLY public.users
    ADD CONSTRAINT users_pkey PRIMARY KEY (user_id);


--
-- Name: ix_exam_schedules_exam_id; Type: INDEX; Schema: public; Owner: postgres
--

CREATE INDEX ix_exam_schedules_exam_id ON public.exam_schedules USING btree (exam_id);


--
-- Name: ix_exam_schedules_start_time; Type: INDEX; Schema: public; Owner: postgres
--

CREATE INDEX ix_exam_schedules_start_time ON public.exam_schedules USING btree (start_time);


--
-- Name: ix_reservations_is_confirmed; Type: INDEX; Schema: public; Owner: postgres
--

CREATE INDEX ix_reservations_is_confirmed ON public.reservations USING btree (is_confirmed);


--
-- Name: ix_reservations_reservation_id; Type: INDEX; Schema: public; Owner: postgres
--

CREATE INDEX ix_reservations_reservation_id ON public.reservations USING btree (reservation_id);


--
-- Name: ix_users_email; Type: INDEX; Schema: public; Owner: postgres
--

CREATE UNIQUE INDEX ix_users_email ON public.users USING btree (email);


--
-- Name: ix_users_user_id; Type: INDEX; Schema: public; Owner: postgres
--

CREATE INDEX ix_users_user_id ON public.users USING btree (user_id);


--
-- Name: ix_users_username; Type: INDEX; Schema: public; Owner: postgres
--

CREATE UNIQUE INDEX ix_users_username ON public.users USING btree (username);


--
-- Name: reservations reservations_exam_id_fkey; Type: FK CONSTRAINT; Schema: public; Owner: postgres
--

ALTER TABLE ONLY public.reservations
    ADD CONSTRAINT reservations_exam_id_fkey FOREIGN KEY (exam_id) REFERENCES public.exam_schedules(exam_id);


--
-- Name: reservations reservations_user_id_fkey; Type: FK CONSTRAINT; Schema: public; Owner: postgres
--

ALTER TABLE ONLY public.reservations
    ADD CONSTRAINT reservations_user_id_fkey FOREIGN KEY (user_id) REFERENCES public.users(user_id);


--
-- PostgreSQL database dump complete
--

